{
  "precision": 0.5651327252229169,
  "recall": 0.9462845374978548,
  "f1_score": 0.7076488706365504,
  "confusion_matrix": [
    [
      169790,
      12729
    ],
    [
      939,
      16542
    ]
  ],
  "timestamp": "2025-05-05T04:57:30.165014"
}