{
  "precision": 0.5595811306778006,
  "recall": 0.9506893198329615,
  "f1_score": 0.7044934294192454,
  "confusion_matrix": [
    [
      169439,
      13080
    ],
    [
      862,
      16619
    ]
  ],
  "timestamp": "2025-05-05T02:23:01.340395"
}