{
  "precision": 0.038461538461538464,
  "recall": 0.01020408163265306,
  "f1_score": 0.016129032258064516,
  "confusion_matrix": [
    [
      56839,
      25
    ],
    [
      97,
      1
    ]
  ],
  "timestamp": "2025-04-28T23:22:37.373684"
}