{
  "precision": 0.35898157265438174,
  "recall": 0.05839616489136529,
  "f1_score": 0.10045167829484063,
  "confusion_matrix": [
    [
      903483,
      9114
    ],
    [
      82299,
      5104
    ]
  ],
  "timestamp": "2025-04-30T00:45:08.653596"
}