{
  "precision": 0.2787905883132151,
  "recall": 0.19263640836126905,
  "f1_score": 0.22784107824298358,
  "confusion_matrix": [
    [
      869041,
      43556
    ],
    [
      70566,
      16837
    ]
  ],
  "timestamp": "2025-05-05T02:23:14.103890"
}