{
  "precision": 0.352307058500412,
  "recall": 0.05870507877303983,
  "f1_score": 0.10064040326772387,
  "confusion_matrix": [
    [
      903164,
      9433
    ],
    [
      82272,
      5131
    ]
  ],
  "timestamp": "2025-05-05T04:57:43.233441"
}