{
  "precision": 0.07609405617243632,
  "recall": 0.4735772357723577,
  "f1_score": 0.13111986494091166,
  "confusion_matrix": [
    [
      281486,
      2829
    ],
    [
      259,
      233
    ]
  ],
  "timestamp": "2025-04-29T21:44:23.157493"
}